20/11/2025 17:19:17,123,LOGIN,0,
20/11/2025 17:19:26,123,READ_ONLINE,202501200001,
20/11/2025 17:19:31,123,DOWNLOAD_BOOK,202501200001,
20/11/2025 17:19:38,123,VIEW_BOOK,202501200001,
20/11/2025 20:08:23,123,DOWNLOAD_BOOK,202501200001,
20/11/2025 21:50:07,123,LOGIN,0,
20/11/2025 21:58:12,123,LOGIN,0,
21/11/2025 12:51:13,123,LOGIN,0,
21/11/2025 12:53:41,123,LOGIN,0,
21/11/2025 12:56:08,123,LOGIN,0,
21/11/2025 13:00:25,123,LOGIN,0,
21/11/2025 21:28:13,123,LOGIN,0,
21/11/2025 23:56:09,123,LOGIN,0,
22/11/2025 00:45:04,123,LOGIN,0,
22/11/2025 00:45:59,123,LOGIN,0,
22/11/2025 00:49:01,123,LOGIN,0,
22/11/2025 00:50:32,123,VIEW_BOOK,202501200006,
22/11/2025 00:50:37,123,VIEW_BOOK,202501200001,
22/11/2025 00:50:40,123,VIEW_BOOK,202501200002,
22/11/2025 00:50:43,123,VIEW_BOOK,202501200003,
22/11/2025 00:50:46,123,VIEW_BOOK,202501200004,
22/11/2025 00:50:49,123,VIEW_BOOK,202501200005,
22/11/2025 00:50:50,123,RESERVE_BOOK,202501200005,
22/11/2025 00:53:43,123,LOGIN,0,
22/11/2025 01:47:18,123,LOGIN,0,
22/11/2025 01:47:19,123,VIEW_BOOK,202501200005,
22/11/2025 01:47:21,123,RESERVE_BOOK,202501200005,
22/11/2025 01:59:38,123,LOGIN,0,
22/11/2025 09:53:05,123,LOGIN,0,
22/11/2025 09:58:27,123,LOGIN,0,
22/11/2025 10:00:26,123,LOGIN,0,
22/11/2025 10:13:26,123,LOGIN,0,
22/11/2025 13:11:44,123,LOGIN,0,
22/11/2025 13:12:46,123,LOGIN,0,
22/11/2025 13:13:30,123,LOGIN,0,
22/11/2025 13:16:13,123,LOGIN,0,
22/11/2025 13:31:12,123,LOGIN,0,
22/11/2025 13:49:14,123,LOGIN,0,
22/11/2025 13:52:52,123,LOGIN,0,
22/11/2025 14:09:20,123,LOGIN,0,
22/11/2025 14:13:33,123,VIEW_BOOK,202501200002,
22/11/2025 14:13:35,123,VIEW_BOOK,202501200003,
22/11/2025 14:31:03,123,LOGIN,0,
22/11/2025 15:29:08,123,LOGIN,0,
22/11/2025 15:30:42,123,LOGIN,0,
22/11/2025 21:26:42,123,LOGIN,0,
22/11/2025 21:27:44,123,LOGIN,0,
22/11/2025 21:29:07,123,LOGIN,0,
22/11/2025 21:29:07,123,VIEW_BOOK,202501200003,
22/11/2025 21:31:08,123,LOGIN,0,
22/11/2025 21:33:16,123,LOGIN,0,
22/11/2025 21:34:53,123,LOGIN,0,
22/11/2025 21:36:01,123,LOGIN,0,
22/11/2025 21:36:55,123,LOGIN,0,
22/11/2025 21:36:56,123,VIEW_BOOK,202501200003,
22/11/2025 21:38:34,123,LOGIN,0,
22/11/2025 21:39:17,123,LOGIN,0,
22/11/2025 21:42:43,123,LOGIN,0,
22/11/2025 21:43:41,123,LOGIN,0,
22/11/2025 21:44:33,123,LOGIN,0,
22/11/2025 21:45:35,123,LOGIN,0,
22/11/2025 21:46:35,123,LOGIN,0,
22/11/2025 21:50:46,123,LOGIN,0,
22/11/2025 21:50:47,123,VIEW_BOOK,202501200003,
22/11/2025 21:53:35,123,LOGIN,0,
22/11/2025 21:57:54,123,LOGIN,0,
22/11/2025 22:03:26,123,LOGIN,0,
22/11/2025 22:03:51,123,LOGIN,0,
22/11/2025 22:17:45,123,LOGIN,0,
22/11/2025 22:18:09,123,LOGIN,0,
22/11/2025 22:42:12,123,LOGIN,0,
22/11/2025 22:43:17,123,LOGIN,0,
23/11/2025 11:57:04,123,LOGIN,0,
23/11/2025 11:58:10,123,LOGIN,0,
23/11/2025 12:10:20,123,LOGIN,0,
23/11/2025 12:19:17,123,LOGIN,0,
23/11/2025 12:24:45,123,LOGIN,0,
23/11/2025 12:26:15,123,LOGIN,0,
23/11/2025 12:26:16,123,VIEW_BOOK,202501200003,
23/11/2025 15:12:40,123,LOGIN,0,
23/11/2025 15:13:56,123,LOGIN,0,
23/11/2025 15:14:53,123,LOGIN,0,
23/11/2025 15:20:13,123,LOGIN,0,
23/11/2025 15:21:13,123,LOGIN,0,
23/11/2025 15:28:13,123,LOGIN,0,
23/11/2025 15:37:06,123,LOGIN,0,
23/11/2025 15:42:19,123,LOGIN,0,
23/11/2025 16:19:15,123,LOGIN,0,
23/11/2025 16:22:04,123,LOGIN,0,
23/11/2025 16:23:38,123,LOGIN,0,
23/11/2025 17:03:25,123,LOGIN,0,
23/11/2025 22:37:53,123,LOGIN,0,
23/11/2025 22:43:36,123,LOGIN,0,
23/11/2025 23:04:58,123,LOGIN,0,
23/11/2025 23:08:51,123,LOGIN,0,
23/11/2025 23:12:22,123,LOGIN,0,
23/11/2025 23:15:12,123,LOGIN,0,
24/11/2025 00:07:19,123,LOGIN,0,
24/11/2025 00:08:32,123,LOGIN,0,
24/11/2025 00:13:57,123,LOGIN,0,
24/11/2025 00:17:44,123,LOGIN,0,
24/11/2025 00:18:09,123,LOGIN,0,
24/11/2025 00:24:24,123,LOGIN,0,
24/11/2025 00:24:57,123,VIEW_BOOK,202501200002,
24/11/2025 00:25:10,123,VIEW_BOOK,202501200005,
24/11/2025 00:25:13,123,VIEW_BOOK,202501200003,
24/11/2025 00:36:42,123,LOGIN,0,
24/11/2025 21:27:03,123,LOGIN,0,
24/11/2025 21:27:58,123,LOGIN,0,
24/11/2025 21:30:31,123,LOGIN,0,
24/11/2025 21:30:32,123,VIEW_BOOK,202501200003,
25/11/2025 15:55:29,123,LOGIN,0,
25/11/2025 21:48:55,123,LOGIN,0,
25/11/2025 21:52:41,123,LOGIN,0,
25/11/2025 21:54:13,123,LOGIN,0,
25/11/2025 21:55:26,123,LOGIN,0,
25/11/2025 22:37:17,123,LOGIN,0,
25/11/2025 22:39:27,123,LOGIN,0,
25/11/2025 23:15:07,123,LOGIN,0,
25/11/2025 23:16:55,123,LOGIN,0,
25/11/2025 23:17:43,123,LOGIN,0,
25/11/2025 23:18:54,123,LOGIN,0,
25/11/2025 23:20:58,123,LOGIN,0,
25/11/2025 23:21:37,123,LOGIN,0,
26/11/2025 22:03:35,123,LOGIN,0,
26/11/2025 22:33:30,123,LOGIN,0,
26/11/2025 22:37:51,123,LOGIN,0,
26/11/2025 22:37:52,123,VIEW_BOOK,202501200003,
26/11/2025 22:38:49,123,LOGIN,0,
26/11/2025 22:40:21,123,LOGIN,0,
26/11/2025 22:57:14,123,LOGIN,0,
26/11/2025 22:59:09,123,LOGIN,0,
26/11/2025 23:19:40,123,LOGIN,0,
26/11/2025 23:19:41,123,VIEW_BOOK,202501200003,
26/11/2025 23:32:16,123,LOGIN,0,
26/11/2025 23:32:19,123,VIEW_BOOK,202501200003,
27/11/2025 20:49:08,123,LOGIN,0,
27/11/2025 20:50:29,123,LOGIN,0,
27/11/2025 22:00:13,123,LOGIN,0,
27/11/2025 23:35:52,123,LOGIN,0,
28/11/2025 15:52:25,123,LOGIN,0,
28/11/2025 15:54:29,123,LOGIN,0,
28/11/2025 16:05:42,123,LOGIN,0,
28/11/2025 16:05:43,123,VIEW_BOOK,202501200003,
28/11/2025 16:06:31,123,VIEW_BOOK,202501200002,
28/11/2025 16:07:35,123,LOGIN,0,
28/11/2025 16:07:59,123,VIEW_BOOK,202501200001,
28/11/2025 16:08:03,123,VIEW_BOOK,202501200003,
28/11/2025 16:08:58,123,LOGIN,0,
28/11/2025 16:09:27,123,VIEW_BOOK,202501200001,
28/11/2025 16:11:56,123,LOGIN,0,
28/11/2025 16:12:07,123,VIEW_BOOK,202501200001,
28/11/2025 16:14:36,123,LOGIN,0,
28/11/2025 16:14:43,123,VIEW_BOOK,202501200002,
28/11/2025 16:17:40,123,LOGIN,0,
28/11/2025 16:17:42,123,VIEW_BOOK,202501200002,
28/11/2025 16:17:46,123,VIEW_BOOK,202501200001,
28/11/2025 16:17:49,123,VIEW_BOOK,202501200003,
28/11/2025 16:17:52,123,VIEW_BOOK,202501200005,
28/11/2025 16:18:13,123,LOGIN,0,
28/11/2025 16:18:27,123,VIEW_BOOK,202501200002,
28/11/2025 16:18:28,123,VIEW_BOOK,202501200001,
28/11/2025 16:18:29,123,VIEW_BOOK,202501200002,
28/11/2025 16:18:30,123,VIEW_BOOK,202501200003,
28/11/2025 16:18:31,123,VIEW_BOOK,202501200004,
28/11/2025 16:18:32,123,VIEW_BOOK,202501200001,
28/11/2025 16:24:40,123,LOGIN,0,
28/11/2025 16:24:48,123,VIEW_BOOK,202501200001,
28/11/2025 16:25:23,123,LOGIN,0,
28/11/2025 16:25:27,123,VIEW_BOOK,202501200001,
28/11/2025 16:32:29,123,LOGIN,0,
28/11/2025 16:32:31,123,VIEW_BOOK,202501200001,
28/11/2025 16:32:32,123,RESERVE_BOOK,202501200001,
28/11/2025 16:32:37,123,VIEW_BOOK,202501200004,
28/11/2025 16:32:38,123,RESERVE_BOOK,202501200004,
28/11/2025 16:42:26,123,LOGIN,0,
28/11/2025 16:58:03,123,LOGIN,0,
28/11/2025 20:25:27,123,LOGIN,0,
28/11/2025 20:50:56,123,LOGIN,0,
28/11/2025 20:54:09,123,LOGIN,0,
28/11/2025 22:03:10,123,LOGIN,0,
28/11/2025 22:04:32,123,LOGIN,0,
28/11/2025 22:13:53,123,LOGIN,0,
28/11/2025 22:32:50,123,LOGIN,0,
28/11/2025 22:33:28,123,LOGIN,0,
28/11/2025 22:35:17,123,LOGIN,0,
28/11/2025 22:37:24,123,LOGIN,0,
28/11/2025 22:39:57,123,LOGIN,0,
28/11/2025 22:40:50,123,LOGIN,0,
28/11/2025 22:48:21,123,LOGIN,0,
28/11/2025 22:48:56,123,LOGIN,0,
28/11/2025 23:58:25,123,LOGIN,0,
29/11/2025 00:04:07,123,LOGIN,0,
29/11/2025 00:05:43,123,LOGIN,0,
29/11/2025 01:17:50,123,LOGIN,0,
29/11/2025 01:18:24,123,LOGIN,0,
29/11/2025 01:26:59,123,LOGIN,0,
29/11/2025 01:31:06,123,LOGIN,0,
29/11/2025 01:33:52,123,VIEW_BOOK,202501200001,
29/11/2025 01:33:53,123,RESERVE_BOOK,202501200001,
29/11/2025 01:33:55,123,VIEW_BOOK,202501200002,
29/11/2025 01:33:56,123,VIEW_BOOK,202501200002,
29/11/2025 01:33:57,123,RESERVE_BOOK,202501200002,
29/11/2025 01:33:59,123,VIEW_BOOK,202501200004,
29/11/2025 01:34:00,123,RESERVE_BOOK,202501200004,
29/11/2025 01:34:01,123,VIEW_BOOK,202501200005,
29/11/2025 01:34:02,123,RESERVE_BOOK,202501200005,
29/11/2025 01:34:05,123,VIEW_BOOK,202501200004,
29/11/2025 01:34:06,123,RESERVE_BOOK,202501200004,
29/11/2025 01:34:10,123,VIEW_BOOK,202501200002,
29/11/2025 01:34:11,123,RESERVE_BOOK,202501200002,
29/11/2025 01:34:13,123,VIEW_BOOK,202501200001,
29/11/2025 01:34:15,123,RESERVE_BOOK,202501200001,
29/11/2025 01:34:17,123,VIEW_BOOK,202501200006,
29/11/2025 01:34:19,123,RESERVE_BOOK,202501200006,
29/11/2025 01:34:51,123,LOGIN,0,
29/11/2025 21:12:08,123,LOGIN,0,
29/11/2025 23:41:21,123,LOGIN,0,
30/11/2025 11:16:17,123,LOGIN,0,
30/11/2025 11:20:50,123,VIEW_BOOK,202501200001,
30/11/2025 11:20:52,123,VIEW_BOOK,202501200001,
30/11/2025 11:20:53,123,VIEW_BOOK,202501200001,
30/11/2025 11:20:54,123,VIEW_BOOK,202501200002,
30/11/2025 11:20:56,123,VIEW_BOOK,202501200001,
30/11/2025 11:20:59,123,VIEW_BOOK,202501200001,
30/11/2025 11:21:01,123,VIEW_BOOK,202501200001,
30/11/2025 11:21:03,123,VIEW_BOOK,202501200001,
30/11/2025 11:21:07,123,VIEW_BOOK,202501200003,
30/11/2025 11:21:08,123,VIEW_BOOK,202501200003,
30/11/2025 16:14:48,123,LOGIN,0,
30/11/2025 16:16:40,123,LOGIN,0,
30/11/2025 16:16:56,123,LOGIN,0,
30/11/2025 20:24:59,123,VIEW_BOOK,202501200001,
30/11/2025 21:25:56,thanhtrung123,REGISTER,0,
30/11/2025 22:26:26,thanhtrung123,RESET_PASSWORD,0,
30/11/2025 22:27:00,123,LOGIN,0,
30/11/2025 22:31:12,thanhtrung123,RESET_PASSWORD,0,
30/11/2025 22:33:14,123,LOGIN,0,
30/11/2025 22:59:29,thanhtrung123,LOGIN,0,
01/12/2025 10:11:25,123,LOGIN,0,
01/12/2025 10:35:25,123,LOGIN,0,
01/12/2025 11:06:20,123,LOGIN,0,
01/12/2025 11:16:47,123,LOGIN,0,
01/12/2025 11:19:25,123,LOGIN,0,
01/12/2025 11:37:52,123,LOGIN,0,
01/12/2025 11:41:26,123,LOGIN,0,
01/12/2025 11:43:15,123,LOGIN,0,
01/12/2025 21:19:08,123,LOGIN,0,
01/12/2025 21:21:11,123,LOGIN,0,
01/12/2025 22:08:08,123,LOGIN,0,
01/12/2025 22:10:22,123,LOGIN,0,
01/12/2025 22:11:16,123,LOGIN,0,
01/12/2025 22:12:04,123,LOGIN,0,
01/12/2025 22:18:21,123,LOGIN,0,
01/12/2025 22:18:23,123,VIEW_BOOK,202501200001,
01/12/2025 22:18:26,123,RESERVE_BOOK,202501200001,
01/12/2025 22:18:36,123,RESERVE_BOOK,202501200001,
01/12/2025 22:19:41,123,LOGIN,0,
01/12/2025 22:19:42,123,VIEW_BOOK,202501200001,
01/12/2025 22:22:15,123,LOGIN,0,
01/12/2025 22:22:15,123,VIEW_BOOK,202501200001,
01/12/2025 22:22:16,123,RESERVE_BOOK,202501200001,
01/12/2025 22:24:25,123,LOGIN,0,
01/12/2025 22:24:31,123,VIEW_BOOK,202501200001,
01/12/2025 22:24:32,123,RESERVE_BOOK,202501200001,
01/12/2025 22:25:38,123,LOGIN,0,
01/12/2025 22:25:46,123,READ_ONLINE,202501200001,
01/12/2025 22:25:46,123,DOWNLOAD_BOOK,202501200001,
01/12/2025 22:29:19,123,LOGIN,0,
01/12/2025 22:29:27,123,VIEW_BOOK,202501200001,
01/12/2025 22:29:28,123,RESERVE_BOOK,202501200001,
01/12/2025 22:29:30,123,VIEW_BOOK,202501200002,
01/12/2025 22:29:32,123,RESERVE_BOOK,202501200002,
01/12/2025 22:29:35,123,VIEW_BOOK,202501200001,
01/12/2025 22:29:37,123,VIEW_BOOK,202501200002,
01/12/2025 22:29:40,123,VIEW_BOOK,202501200003,
01/12/2025 22:33:14,123,LOGIN,0,
01/12/2025 23:16:29,123,LOGIN,0,
01/12/2025 23:19:08,123,LOGIN,0,
01/12/2025 23:20:26,123,LOGIN,0,
01/12/2025 23:22:28,123,LOGIN,0,
01/12/2025 23:25:57,123,LOGIN,0,
01/12/2025 23:35:08,123,LOGIN,0,
01/12/2025 23:36:20,123,LOGIN,0,
01/12/2025 23:39:04,123,LOGIN,0,
01/12/2025 23:42:09,123,LOGIN,0,
01/12/2025 23:44:28,123,LOGIN,0,
01/12/2025 23:45:10,123,LOGIN,0,
02/12/2025 00:02:15,123,LOGIN,0,
02/12/2025 00:03:09,123,LOGIN,0,
02/12/2025 00:09:24,123,LOGIN,0,
02/12/2025 00:10:30,123,LOGIN,0,
02/12/2025 00:12:24,123,LOGIN,0,
02/12/2025 00:13:27,123,LOGIN,0,
02/12/2025 00:29:53,123,LOGIN,0,
02/12/2025 00:32:59,123,LOGIN,0,
02/12/2025 09:54:50,123,LOGIN,0,
02/12/2025 09:56:01,123,LOGIN,0,
02/12/2025 09:57:47,123,LOGIN,0,
02/12/2025 09:58:31,123,LOGIN,0,
02/12/2025 10:00:02,123,LOGIN,0,
02/12/2025 10:00:50,123,LOGIN,0,
02/12/2025 10:23:52,123,LOGIN,0,
02/12/2025 10:42:17,123,LOGIN,0,
02/12/2025 10:44:51,123,LOGIN,0,
02/12/2025 10:52:53,123,LOGIN,0,
02/12/2025 10:55:07,123,LOGIN,0,
02/12/2025 13:42:29,123,LOGIN,0,
02/12/2025 13:43:40,123,LOGIN,0,
02/12/2025 13:46:56,123,LOGIN,0,
02/12/2025 15:32:38,123,LOGIN,0,
02/12/2025 15:32:42,123,VIEW_BOOK,202501200001,
02/12/2025 15:35:42,123,LOGIN,0,
02/12/2025 15:45:55,123,LOGIN,0,
02/12/2025 15:45:56,123,VIEW_BOOK,202501200001,
02/12/2025 15:46:42,123,LOGIN,0,
02/12/2025 15:46:43,123,VIEW_BOOK,202501200001,
02/12/2025 15:47:06,123,VIEW_BOOK,202501200002,
02/12/2025 15:47:07,123,VIEW_BOOK,202501200003,
02/12/2025 15:47:09,123,VIEW_BOOK,202501200002,
02/12/2025 15:47:10,123,VIEW_BOOK,202501200001,
02/12/2025 15:47:12,123,VIEW_BOOK,202501200002,
02/12/2025 15:47:14,123,VIEW_BOOK,202501200001,
02/12/2025 15:47:16,123,VIEW_BOOK,202501200002,
02/12/2025 15:47:20,123,VIEW_BOOK,202501200001,
02/12/2025 15:54:39,123,LOGIN,0,
02/12/2025 15:54:40,123,VIEW_BOOK,202501200001,
02/12/2025 15:54:46,123,VIEW_BOOK,202501200002,
02/12/2025 15:54:49,123,VIEW_BOOK,202501200003,
02/12/2025 15:54:50,123,VIEW_BOOK,202501200001,
02/12/2025 15:54:52,123,VIEW_BOOK,202501200004,
02/12/2025 15:54:53,123,VIEW_BOOK,202501200001,
02/12/2025 15:57:38,123,LOGIN,0,
02/12/2025 20:10:34,123,LOGIN,0,
02/12/2025 20:10:37,123,VIEW_BOOK,202501200001,
02/12/2025 20:10:43,123,VIEW_BOOK,202501200003,
02/12/2025 20:11:02,123,LOGIN,0,
02/12/2025 20:11:02,123,VIEW_BOOK,202501200001,
02/12/2025 20:11:06,123,VIEW_BOOK,202501200003,
02/12/2025 20:12:05,123,VIEW_BOOK,202501200001,
02/12/2025 20:12:06,123,VIEW_BOOK,202501200003,
02/12/2025 20:12:07,123,VIEW_BOOK,202501200001,
02/12/2025 20:12:09,123,VIEW_BOOK,202501200001,
02/12/2025 20:12:10,123,VIEW_BOOK,202501200001,
02/12/2025 20:12:12,123,VIEW_BOOK,202501200002,
02/12/2025 20:12:13,123,VIEW_BOOK,202501200001,
02/12/2025 20:12:14,123,VIEW_BOOK,202501200002,
02/12/2025 20:12:16,123,VIEW_BOOK,202501200003,
02/12/2025 20:12:17,123,VIEW_BOOK,202501200001,
02/12/2025 20:14:46,123,LOGIN,0,
02/12/2025 20:14:47,123,VIEW_BOOK,202501200001,
02/12/2025 20:14:50,123,VIEW_BOOK,202501200002,
02/12/2025 20:14:51,123,VIEW_BOOK,202501200003,
02/12/2025 20:14:58,123,VIEW_BOOK,202501200001,
02/12/2025 20:15:06,123,VIEW_BOOK,202501200002,
02/12/2025 20:15:09,123,VIEW_BOOK,202501200001,
02/12/2025 20:15:10,123,VIEW_BOOK,202501200002,
02/12/2025 20:15:11,123,VIEW_BOOK,202501200001,
02/12/2025 20:15:16,123,VIEW_BOOK,202501200003,
02/12/2025 20:15:32,123,LOGIN,0,
02/12/2025 20:15:33,123,VIEW_BOOK,202501200001,
02/12/2025 20:15:37,123,VIEW_BOOK,202501200001,
02/12/2025 20:16:42,123,LOGIN,0,
02/12/2025 20:16:45,123,VIEW_BOOK,202501200001,
02/12/2025 20:21:26,123,VIEW_BOOK,202501200003,
02/12/2025 20:21:39,123,VIEW_BOOK,202501200001,
02/12/2025 20:21:53,123,VIEW_BOOK,202501200001,
02/12/2025 20:22:09,123,VIEW_BOOK,202501200001,
02/12/2025 20:22:53,123,VIEW_BOOK,202501200001,
02/12/2025 20:26:02,123,LOGIN,0,
02/12/2025 20:26:06,123,VIEW_BOOK,202501200001,
02/12/2025 20:26:07,123,VIEW_BOOK,202501200002,
02/12/2025 20:26:08,123,VIEW_BOOK,202501200003,
02/12/2025 20:26:15,123,VIEW_BOOK,202501200001,
02/12/2025 20:26:29,123,VIEW_BOOK,202501200001,
02/12/2025 20:26:30,123,VIEW_BOOK,202501200003,
02/12/2025 20:26:32,123,VIEW_BOOK,202501200002,
02/12/2025 20:26:33,123,VIEW_BOOK,202501200001,
02/12/2025 20:26:34,123,VIEW_BOOK,202501200004,
02/12/2025 20:42:02,123,LOGIN,0,
02/12/2025 20:42:12,123,VIEW_BOOK,202501200001,
02/12/2025 20:42:17,123,VIEW_BOOK,202501200003,
02/12/2025 20:43:30,123,LOGIN,0,
02/12/2025 20:43:47,123,VIEW_BOOK,202501200001,
02/12/2025 20:43:49,123,VIEW_BOOK,202501200002,
02/12/2025 20:43:52,123,VIEW_BOOK,202501200003,
02/12/2025 20:43:53,123,VIEW_BOOK,202501200004,
02/12/2025 20:43:55,123,VIEW_BOOK,202501200005,
02/12/2025 20:43:59,123,VIEW_BOOK,202501200008,
02/12/2025 20:44:01,123,VIEW_BOOK,202501200007,
02/12/2025 20:44:03,123,VIEW_BOOK,202501200006,
02/12/2025 20:44:06,123,VIEW_BOOK,202501200005,
02/12/2025 20:45:00,123,LOGIN,0,
02/12/2025 20:45:57,123,LOGIN,0,
02/12/2025 20:47:10,123,LOGIN,0,
02/12/2025 20:52:47,123,LOGIN,0,
02/12/2025 21:52:01,123,LOGIN,0,
02/12/2025 21:53:58,123,LOGIN,0,
02/12/2025 21:54:46,123,LOGIN,0,
02/12/2025 21:57:23,123,LOGIN,0,
02/12/2025 22:00:29,123,LOGIN,0,
02/12/2025 22:01:52,123,LOGIN,0,
02/12/2025 22:08:58,123,LOGIN,0,
02/12/2025 22:13:38,123,LOGIN,0,
02/12/2025 22:14:44,123,LOGIN,0,
02/12/2025 22:16:37,123,LOGIN,0,
02/12/2025 22:18:15,123,LOGIN,0,
02/12/2025 22:28:16,123,LOGIN,0,
02/12/2025 22:35:14,123,LOGIN,0,
02/12/2025 22:35:33,123,VIEW_BOOK,202501200001,
02/12/2025 22:39:59,123,LOGIN,0,
02/12/2025 22:42:33,123,LOGIN,0,
02/12/2025 22:44:22,123,LOGIN,0,
02/12/2025 22:46:40,123,LOGIN,0,
02/12/2025 22:49:10,123,LOGIN,0,
02/12/2025 22:50:19,123,LOGIN,0,
03/12/2025 00:02:00,123,LOGIN,0,
03/12/2025 00:02:53,thanhtrung123,LOGIN,0,
03/12/2025 00:14:29,123,LOGIN,0,
03/12/2025 00:17:54,123,LOGIN,0,
03/12/2025 00:20:09,123,LOGIN,0,
03/12/2025 00:29:41,123,LOGIN,0,
03/12/2025 00:32:34,123,LOGIN,0,
03/12/2025 00:47:45,123,LOGIN,0,
03/12/2025 00:47:58,thanhtrung123,LOGIN,0,
03/12/2025 00:49:54,123,LOGIN,0,
03/12/2025 00:51:08,123,LOGIN,0,
03/12/2025 00:53:56,123,VIEW_BOOK,202501200001,
03/12/2025 09:16:09,123,LOGIN,0,
03/12/2025 09:17:05,123,LOGIN,0,
03/12/2025 09:18:11,123,VIEW_BOOK,202501200001,
03/12/2025 09:19:31,123,LOGIN,0,
03/12/2025 09:29:27,thanhtrung123,LOGIN,0,
03/12/2025 09:30:21,thanhtrung123,LOGIN,0,
03/12/2025 09:37:52,thanhtrung123,LOGIN,0,
03/12/2025 10:24:52,thanhtrung123,LOGIN,0,
03/12/2025 10:34:15,thanhtrung123,LOGIN,0,
03/12/2025 10:36:03,thanhtrung123,LOGIN,0,
03/12/2025 10:43:01,thanhtrung123,LOGIN,0,
03/12/2025 10:44:10,thanhtrung123,LOGIN,0,
03/12/2025 10:45:17,thanhtrung123,VIEW_BOOK,202501200003,
03/12/2025 10:45:19,thanhtrung123,VIEW_BOOK,202501200002,
03/12/2025 11:15:38,thanhtrung123,LOGIN,0,
03/12/2025 11:17:14,thanhtrung123,LOGIN,0,
03/12/2025 11:43:33,thanhtrung123,LOGIN,0,
03/12/2025 11:44:33,123,REGISTER,0,
03/12/2025 11:45:35,123,LOGIN,0,
03/12/2025 11:46:49,123,LOGIN,0,
03/12/2025 11:48:18,123,LOGIN,0,
03/12/2025 11:48:54,123,REGISTER,0,
03/12/2025 13:46:35,123,LOGIN,0,
03/12/2025 14:13:03,123,LOGIN,0,
03/12/2025 14:14:00,thanhtrung123,REGISTER,0,
03/12/2025 14:14:19,thanhtrung123,LOGIN,0,
03/12/2025 14:15:32,thanhtrung123,LOGIN,0,
03/12/2025 14:27:28,thanhtrung123,LOGIN,0,
03/12/2025 14:30:07,thanhtrung123,LOGIN,0,
03/12/2025 14:35:31,thanhtrung123,LOGIN,0,
03/12/2025 14:36:54,123,REGISTER,0,
03/12/2025 14:37:54,123,LOGIN,0,
03/12/2025 14:38:57,123,REGISTER,0,
03/12/2025 14:45:43,123,LOGIN,0,
03/12/2025 14:46:06,123,REGISTER,0,
03/12/2025 14:56:06,123,LOGIN,0,
03/12/2025 14:56:28,123,REGISTER,0,
03/12/2025 14:57:44,123,LOGIN,0,
03/12/2025 14:58:03,123,REGISTER,0,
03/12/2025 14:58:36,123,LOGIN,0,
03/12/2025 14:59:10,123,REGISTER,0,
03/12/2025 15:04:50,123,LOGIN,0,
03/12/2025 15:07:31,123,LOGIN,0,
03/12/2025 15:07:55,123,REGISTER,0,
03/12/2025 15:09:03,1234,REGISTER,0,
03/12/2025 15:12:12,123,LOGIN,0,
03/12/2025 15:13:11,123,LOGIN,0,
03/12/2025 15:13:27,123,REGISTER,0,
03/12/2025 15:17:34,123,LOGIN,0,
03/12/2025 15:18:19,123,LOGIN,0,
03/12/2025 15:19:12,123,LOGIN,0,
03/12/2025 15:19:55,123,LOGIN,0,
03/12/2025 15:20:42,123,LOGIN,0,
03/12/2025 15:24:43,123,LOGIN,0,
03/12/2025 15:27:52,123,LOGIN,0,
03/12/2025 15:28:16,12345,REGISTER,0,
03/12/2025 15:29:59,12345,LOGIN,0,
03/12/2025 15:30:27,123,REGISTER,0,
03/12/2025 15:33:05,12345,REGISTER,0,
03/12/2025 15:33:24,123,REGISTER,0,
03/12/2025 15:34:10,123,LOGIN,0,
03/12/2025 15:34:34,123,REGISTER,0,
03/12/2025 15:37:48,,REGISTER,0,
03/12/2025 15:37:56,,REGISTER,0,
03/12/2025 15:38:38,,REGISTER,0,
03/12/2025 15:38:46,,REGISTER,0,
03/12/2025 15:39:21,,REGISTER,0,
03/12/2025 15:39:27,,REGISTER,0,
03/12/2025 15:40:00,123,REGISTER,0,
03/12/2025 15:40:32,,REGISTER,0,
03/12/2025 15:40:37,,REGISTER,0,
03/12/2025 15:41:24,,REGISTER,0,
03/12/2025 15:42:17,,REGISTER,0,
03/12/2025 15:44:17,,REGISTER,0,
03/12/2025 15:44:24,,REGISTER,0,
03/12/2025 15:44:29,,REGISTER,0,
03/12/2025 15:44:30,,REGISTER,0,
03/12/2025 15:44:34,,REGISTER,0,
03/12/2025 15:44:39,,REGISTER,0,
03/12/2025 15:45:32,,REGISTER,0,
03/12/2025 15:45:39,,REGISTER,0,
03/12/2025 15:45:44,,REGISTER,0,
03/12/2025 15:46:26,,REGISTER,0,
03/12/2025 15:46:34,,REGISTER,0,
03/12/2025 15:46:38,,REGISTER,0,
03/12/2025 15:46:44,123,REGISTER,0,
03/12/2025 15:47:00,12345,REGISTER,0,
03/12/2025 15:48:09,,REGISTER,0,
03/12/2025 15:49:24,123456,REGISTER,0,
03/12/2025 15:50:09,,REGISTER,0,
03/12/2025 15:50:31,123456,REGISTER,0,
03/12/2025 15:51:55,,REGISTER,0,
03/12/2025 15:52:03,123,REGISTER,0,
03/12/2025 15:52:11,1234,REGISTER,0,
03/12/2025 15:57:03,Admin,REGISTER,0,
03/12/2025 15:57:46,12345,REGISTER,0,
03/12/2025 15:59:45,Admin,LOGIN,0,
03/12/2025 16:02:23,Admin,LOGIN,0,
03/12/2025 16:04:28,Admin,LOGIN,0,
03/12/2025 16:08:32,Admin,LOGIN,0,
03/12/2025 16:09:25,thanhtrung123,REGISTER,0,
03/12/2025 16:10:34,Admin,LOGIN,0,
03/12/2025 16:13:02,Admin,LOGIN,0,
03/12/2025 16:14:10,HoaiNhi123,REGISTER,0,
03/12/2025 16:16:07,Admin,LOGIN,0,
03/12/2025 16:16:30,123,REGISTER,0,
03/12/2025 16:21:03,Admin,LOGIN,0,
03/12/2025 16:23:07,Admin,LOGIN,0,
03/12/2025 16:23:49,thanhtrung,REGISTER,0,
03/12/2025 16:25:28,Admin,LOGIN,0,
03/12/2025 20:06:21,123,LOGIN,0,
03/12/2025 20:40:41,123,LOGIN,0,
03/12/2025 21:07:48,Admin,LOGIN,0,
03/12/2025 21:11:17,123,LOGIN,0,
03/12/2025 21:14:05,123,LOGIN,0,
03/12/2025 21:19:39,123,LOGIN,0,
03/12/2025 21:51:27,123,LOGIN,0,
03/12/2025 21:53:12,123,LOGIN,0,
03/12/2025 21:54:14,123,LOGIN,0,
03/12/2025 21:56:27,123,LOGIN,0,
03/12/2025 21:58:41,123,LOGIN,0,
03/12/2025 22:20:34,123,LOGIN,0,
03/12/2025 22:31:20,123,LOGIN,0,
03/12/2025 23:02:42,123,LOGIN,0,
03/12/2025 23:02:53,123,VIEW_BOOK,202501100001,
04/12/2025 20:07:21,123,LOGIN,0,
04/12/2025 20:09:51,123,LOGIN,0,
04/12/2025 20:23:11,123,LOGIN,0,
04/12/2025 20:24:20,123,LOGIN,0,
04/12/2025 20:32:47,123,LOGIN,0,
04/12/2025 20:52:12,123,LOGIN,0,
04/12/2025 20:52:13,123,VIEW_BOOK,202501100001,
04/12/2025 20:52:44,123,VIEW_BOOK,202501100001,
04/12/2025 20:52:45,123,VIEW_BOOK,202501100001,
04/12/2025 20:53:01,123,LOGIN,0,
04/12/2025 20:54:23,123,VIEW_BOOK,202506200001,
04/12/2025 20:54:38,123,VIEW_BOOK,202506200001,
04/12/2025 21:00:17,123,LOGIN,0,
04/12/2025 21:00:49,123,VIEW_BOOK,202506200001,
04/12/2025 21:23:07,123,LOGIN,0,
05/12/2025 14:07:14,123,LOGIN,0,
05/12/2025 14:08:34,123,VIEW_BOOK,202501100001,
06/12/2025 10:21:32,123,LOGIN,0,
06/12/2025 13:50:25,123,LOGIN,0,
06/12/2025 13:54:30,12345,LOGIN,0,
06/12/2025 13:59:36,Admin,LOGIN,0,
06/12/2025 14:10:48,Admin,LOGIN,0,
06/12/2025 14:11:21,123,REGISTER,0,
06/12/2025 14:12:09,thanhtrung12345,REGISTER,0,
06/12/2025 14:12:32,123,LOGIN,0,
06/12/2025 14:16:51,123,LOGIN,0,
06/12/2025 14:21:35,123,LOGIN,0,
06/12/2025 14:21:51,123,LOGIN,0,
06/12/2025 14:23:19,123,LOGIN,0,
06/12/2025 14:23:26,123,LOGIN,0,
06/12/2025 14:23:29,123,VIEW_BOOK,202501100001,
06/12/2025 14:23:31,123,VIEW_BOOK,202501100002,
06/12/2025 14:24:09,123,LOGIN,0,
06/12/2025 14:24:30,123,LOGIN,0,
06/12/2025 14:24:38,123,LOGIN,0,
06/12/2025 14:24:44,123,LOGIN,0,
06/12/2025 14:37:06,123,LOGIN,0,
06/12/2025 14:37:42,Admin,LOGIN,0,
06/12/2025 14:48:59,123,LOGIN,0,
06/12/2025 14:55:05,123,LOGIN,0,
06/12/2025 14:59:34,123,LOGIN,0,
06/12/2025 15:01:17,123,LOGIN,0,
06/12/2025 15:06:33,123,LOGIN,0,
06/12/2025 15:07:23,123,LOGIN,0,
06/12/2025 15:09:10,123,LOGIN,0,
06/12/2025 15:11:13,123,VIEW_BOOK,202501100001,
06/12/2025 15:11:14,123,RESERVE_BOOK,202501100001,
06/12/2025 15:15:30,123,LOGIN,0,
06/12/2025 15:21:53,123,LOGIN,0,
06/12/2025 15:23:38,123,LOGIN,0,
06/12/2025 15:23:55,123,LOGIN,0,
06/12/2025 15:26:22,123,LOGIN,0,
06/12/2025 19:12:01,123,LOGIN,0,
06/12/2025 19:20:44,123,LOGIN,0,
06/12/2025 19:23:55,123,LOGIN,0,
06/12/2025 19:29:07,123,LOGIN,0,
06/12/2025 19:32:34,123,LOGIN,0,
06/12/2025 19:46:50,123,LOGIN,0,
06/12/2025 19:59:25,123,LOGIN,0,
07/12/2025 08:28:42,123,LOGIN,0,
07/12/2025 08:44:01,123,LOGIN,0,
07/12/2025 08:55:24,123,LOGIN,0,
07/12/2025 08:57:13,123,LOGIN,0,
07/12/2025 09:18:31,123,LOGIN,0,
07/12/2025 15:49:32,123,LOGIN,0,
07/12/2025 16:08:59,123,LOGIN,0,
07/12/2025 16:10:31,123,LOGIN,0,
07/12/2025 16:14:36,123,LOGIN,0,
07/12/2025 16:43:34,hoainhi,REGISTER,0,
07/12/2025 19:35:29,123,LOGIN,0,
07/12/2025 19:39:56,123,LOGIN,0,
07/12/2025 19:43:38,123,LOGIN,0,
07/12/2025 19:46:14,123,LOGIN,0,
07/12/2025 19:47:32,123,LOGIN,0,
07/12/2025 19:49:01,123,LOGIN,0,
07/12/2025 19:50:47,123,LOGIN,0,
07/12/2025 19:53:01,123,LOGIN,0,
07/12/2025 19:55:28,123,LOGIN,0,
07/12/2025 19:57:28,123,LOGIN,0,
07/12/2025 19:59:24,123,LOGIN,0,
07/12/2025 20:00:50,123,LOGIN,0,
07/12/2025 20:36:43,123,LOGIN,0,
07/12/2025 20:37:50,123,LOGIN,0,
07/12/2025 20:38:24,123,LOGIN,0,
07/12/2025 20:39:24,123,LOGIN,0,
07/12/2025 20:42:22,123,LOGIN,0,
07/12/2025 20:44:42,123,LOGIN,0,
07/12/2025 20:48:16,123,LOGIN,0,
07/12/2025 21:13:38,123,LOGIN,0,
07/12/2025 21:15:19,123,LOGIN,0,
07/12/2025 21:18:07,123,LOGIN,0,
07/12/2025 21:20:49,123,VIEW_BOOK,202501100001,
07/12/2025 21:30:18,123,LOGIN,0,
07/12/2025 21:36:41,123,LOGIN,0,
07/12/2025 22:40:12,123,LOGIN,0,
07/12/2025 22:44:08,123,LOGIN,0,
07/12/2025 22:46:22,123,LOGIN,0,
07/12/2025 22:46:38,123,LOGIN,0,
07/12/2025 22:54:49,123,LOGIN,0,
07/12/2025 22:59:22,123,LOGIN,0,
07/12/2025 22:59:56,123,LOGIN,0,
07/12/2025 23:04:53,123,LOGIN,0,
07/12/2025 23:06:59,123,LOGIN,0,
08/12/2025 10:12:18,123,LOGIN,0,Đăng nhập thành công
08/12/2025 10:14:39,123,LOGIN,0,Đăng nhập thành công
08/12/2025 10:15:40,123,LOGIN,0,Đăng nhập thành công
08/12/2025 10:44:38,123,LOGIN,0,Đăng nhập thành công
08/12/2025 10:46:52,123,LOGIN,0,Đăng nhập thành công
08/12/2025 10:48:25,123,LOGIN,0,Đăng nhập thành công
08/12/2025 10:49:08,123,CONFIRM_BOOK,3,Đã xác nhận mượn sách 3 - 123
08/12/2025 10:49:37,123,LOGIN,0,Đăng nhập thành công
08/12/2025 10:49:49,123,CONFIRM_BOOK,3,Đã xác nhận mượn sách 3 - 123
08/12/2025 11:00:18,123,LOGIN,0,Đăng nhập thành công
08/12/2025 11:00:32,123,CONFIRM_BOOK,3,Đã xác nhận mượn sách 3 - 123
08/12/2025 11:34:37,123,LOGIN,0,Đăng nhập thành công
08/12/2025 11:34:48,123,LOGIN,0,Đăng nhập thành công
08/12/2025 11:38:13,123,LOGIN,0,Đăng nhập thành công
08/12/2025 11:40:08,123,LOGIN,0,Đăng nhập thành công
08/12/2025 11:40:09,123,VIEW_BOOK,202501100002,
08/12/2025 11:40:10,123,RESERVE_BOOK,202501100002,Đặt sách thành công
08/12/2025 11:40:16,123,VIEW_BOOK,202501100002,
08/12/2025 11:40:17,123,VIEW_BOOK,202501100001,
08/12/2025 11:40:19,123,VIEW_BOOK,202501200001,
08/12/2025 11:40:20,123,VIEW_BOOK,202501200002,
08/12/2025 11:40:23,123,VIEW_BOOK,202501100002,
08/12/2025 11:40:25,123,VIEW_BOOK,202501200001,
08/12/2025 11:40:28,123,VIEW_BOOK,202501200003,
08/12/2025 11:40:59,123,CONFIRM_BOOK,3,Đã xác nhận mượn sách 3 - 123
08/12/2025 12:01:55,123,LOGIN,0,Đăng nhập thành công
08/12/2025 12:03:23,123,LOGIN,0,Đăng nhập thành công
08/12/2025 12:06:49,123,LOGIN,0,Đăng nhập thành công
08/12/2025 12:10:21,123,LOGIN,0,Đăng nhập thành công
08/12/2025 12:10:56,123,LOGIN,0,Đăng nhập thành công
08/12/2025 12:57:03,123,LOGIN,0,Đăng nhập thành công
08/12/2025 12:57:05,123,VIEW_BOOK,202501200001,
08/12/2025 12:58:32,123,LOGIN,0,Đăng nhập thành công
08/12/2025 12:58:55,123,BORROW_BOOK,4,Đã xác nhận mượn sách bởi 123 | 4 - Hệ Thống Tiêu Chuẩn Xây Dựng Việt Nam Năm 2006
08/12/2025 14:32:56,123,LOGIN,0,Đăng nhập thành công
08/12/2025 14:33:22,123,VIEW_BOOK,202501100001,
08/12/2025 14:33:24,123,VIEW_BOOK,202501100002,
08/12/2025 14:33:25,123,VIEW_BOOK,202501200001,
08/12/2025 14:33:27,123,VIEW_BOOK,202501200002,
08/12/2025 14:33:29,123,VIEW_BOOK,202501200003,
08/12/2025 14:57:13,123,LOGIN,0,Đăng nhập thành công
08/12/2025 15:00:09,123,LOGIN,0,Đăng nhập thành công
08/12/2025 15:04:17,123,LOGIN,0,Đăng nhập thành công
08/12/2025 15:08:07,123,LOGIN,0,Đăng nhập thành công
08/12/2025 15:09:10,123,LOGIN,0,Đăng nhập thành công
08/12/2025 15:10:34,123,LOGIN,0,Đăng nhập thành công
08/12/2025 15:11:43,123,LOGIN,0,Đăng nhập thành công
08/12/2025 15:22:23,123,LOGIN,0,Đăng nhập thành công
08/12/2025 15:24:21,123,LOGIN,0,Đăng nhập thành công
08/12/2025 15:27:43,123,LOGIN,0,Đăng nhập thành công
08/12/2025 15:29:10,123,LOGIN,0,Đăng nhập thành công
08/12/2025 15:30:01,123,LOGIN,0,Đăng nhập thành công
08/12/2025 15:34:43,123,LOGIN,0,Đăng nhập thành công
08/12/2025 15:35:53,123,LOGIN,0,Đăng nhập thành công
08/12/2025 15:58:35,123,LOGIN,0,Đăng nhập thành công
08/12/2025 17:05:08,123,LOGIN,0,Đăng nhập thành công
08/12/2025 17:10:25,123,LOGIN,0,Đăng nhập thành công
08/12/2025 17:35:09,123,LOGIN,0,Đăng nhập thành công
08/12/2025 18:38:07,123,LOGIN,0,Đăng nhập thành công
08/12/2025 18:45:52,123,LOGIN,0,Đăng nhập thành công
08/12/2025 18:46:16,thanhtrung,LOGIN,0,Đăng nhập thành công
08/12/2025 18:46:28,Admin,LOGIN,0,Đăng nhập thành công
08/12/2025 18:50:43,123,LOGIN,0,Đăng nhập thành công
08/12/2025 18:51:13,Admin,LOGIN,0,Đăng nhập thành công
08/12/2025 18:51:31,thanhtrung,LOGIN,0,Đăng nhập thành công
08/12/2025 19:11:40,123,LOGIN,0,Đăng nhập thành công
08/12/2025 19:12:02,123,ADD_BOOK,202501200009,Đã thêm sách 202501200009 - 12345
08/12/2025 19:12:44,123,ADD_BOOK,202501100003,Đã thêm sách 202501100003 - 12345
08/12/2025 19:13:27,123,ADD_BOOK,202501100004,Đã thêm sách 202501100004 - 1234556
08/12/2025 19:14:04,123,VIEW_BOOK,202501100001,
08/12/2025 19:14:05,123,READ_ONLINE,202501100001,
08/12/2025 19:14:07,123,READ_ONLINE,202501100001,
08/12/2025 19:14:08,123,DOWNLOAD_BOOK,202501100001,
08/12/2025 19:14:14,123,DOWNLOAD_BOOK,202501100001,
08/12/2025 19:21:22,123,LOGIN,0,Đăng nhập thành công
10/12/2025 14:22:22,123,LOGIN,0,Đăng nhập thành công
10/12/2025 17:20:26,Admin,LOGIN,0,Đăng nhập thành công
11/12/2025 17:04:19,123,LOGIN,0,Đăng nhập thành công
11/12/2025 19:05:37,123,LOGIN,0,Đăng nhập thành công
11/12/2025 19:05:37,123,RESERVE_BOOK,202501200008,Đặt sách thành công
15/12/2025 10:57:30,61707F,LOGIN,0,Đã đăng nhập vào hệ thống.
15/12/2025 11:00:51,61707F,LOGIN,0,Đã đăng nhập vào hệ thống.
15/12/2025 11:01:08,61707F,REGISTER,0,Đã đăng xuất khỏi hệ thống.
15/12/2025 11:07:42,123,LOGIN,0,Đã đăng nhập vào hệ thống.
15/12/2025 11:08:57,123,ADJ_USER,5,Cập nhật thông tin cá nhân
15/12/2025 11:09:17,123,LOGIN,0,Đã đăng nhập vào hệ thống.
15/12/2025 11:11:17,123,REGISTER,0,Đã đăng xuất khỏi hệ thống.
15/12/2025 11:11:54,123,LOGIN,0,Đã đăng nhập vào hệ thống.
15/12/2025 11:11:57,123,REGISTER,0,Đã đăng xuất khỏi hệ thống.
15/12/2025 11:12:59,123,LOGIN,0,Đã đăng nhập vào hệ thống.
15/12/2025 11:13:03,123,REGISTER,0,Đã đăng xuất khỏi hệ thống.
15/12/2025 11:17:11,123,LOGIN,0,Đã đăng nhập vào hệ thống.
15/12/2025 11:17:14,123,REGISTER,0,Đã đăng xuất khỏi hệ thống.
15/12/2025 11:17:34,123,LOGIN,0,Đã đăng nhập vào hệ thống.
15/12/2025 11:18:55,123,LOGIN,0,Đã đăng nhập vào hệ thống.
15/12/2025 11:19:00,123,REGISTER,0,Đã đăng xuất khỏi hệ thống.
15/12/2025 11:21:11,123,LOGIN,0,Đã đăng nhập vào hệ thống.
15/12/2025 12:07:22,123,LOGIN,0,Đã đăng nhập vào hệ thống.
15/12/2025 12:11:55,123,LOGIN,0,Đã đăng nhập vào hệ thống.
15/12/2025 12:12:07,123,REGISTER,0,Đã đăng xuất khỏi hệ thống.
15/12/2025 12:13:51,123,LOGIN,0,Đã đăng nhập vào hệ thống.
15/12/2025 12:13:54,123,REGISTER,0,Đã đăng xuất khỏi hệ thống.
15/12/2025 12:21:49,123,LOGIN,0,Đã đăng nhập vào hệ thống.
15/12/2025 12:22:36,123,REGISTER,0,Đã đăng xuất khỏi hệ thống.
15/12/2025 12:25:06,123,LOGIN,0,Đã đăng nhập vào hệ thống.
15/12/2025 12:25:10,123,REGISTER,0,Đã đăng xuất khỏi hệ thống.
15/12/2025 12:25:27,123,LOGIN,0,Đã đăng nhập vào hệ thống.
15/12/2025 12:26:12,123,LOGIN,0,Đã đăng nhập vào hệ thống.
15/12/2025 12:26:16,123,REGISTER,0,Đã đăng xuất khỏi hệ thống.
15/12/2025 12:26:27,Admin,LOGIN,0,Đã đăng nhập vào hệ thống.
15/12/2025 12:33:55,123,LOGIN,0,Đã đăng nhập vào hệ thống.
15/12/2025 12:33:58,123,REGISTER,0,Đã đăng xuất khỏi hệ thống.
15/12/2025 12:34:05,123,LOGIN,0,Đã đăng nhập vào hệ thống.
15/12/2025 12:34:06,123,VIEW_BOOK,202501100001,
15/12/2025 12:34:10,123,VIEW_BOOK,202501200001,
15/12/2025 12:35:24,Admin,LOGIN,0,Đã đăng nhập vào hệ thống.
15/12/2025 12:35:26,Admin,VIEW_BOOK,202501200001,
15/12/2025 12:35:27,Admin,RESERVE_BOOK,202501200001,Đặt sách thành công
15/12/2025 12:36:39,Admin,CONFIRM_BOOK,1,Đã xử lý đặt sách ID: 1
15/12/2025 12:39:02,123,LOGIN,0,Đã đăng nhập vào hệ thống.
15/12/2025 12:39:07,123,REGISTER,0,Đã đăng xuất khỏi hệ thống.
15/12/2025 12:39:13,Admin,LOGIN,0,Đã đăng nhập vào hệ thống.
15/12/2025 12:41:35,123,LOGIN,0,Đã đăng nhập vào hệ thống.
15/12/2025 12:46:44,123,LOGIN,0,Đã đăng nhập vào hệ thống.
15/12/2025 12:50:13,123,LOGIN,0,Đã đăng nhập vào hệ thống.
15/12/2025 12:50:43,Admin,BORROW_BOOK,1,Đã xác nhận mượn sách bởi 123 | 1 - Cấu Trúc Dữ Liệu Và Giải Thuật
15/12/2025 12:55:14,123,LOGIN,0,Đã đăng nhập vào hệ thống.
15/12/2025 12:56:06,123,LOGIN,0,Đã đăng nhập vào hệ thống.
15/12/2025 12:56:40,Admin,BORROW_BOOK,1,Đã xác nhận mượn sách bởi 123 | 1 - Cấu Trúc Dữ Liệu Và Giải Thuật
15/12/2025 12:57:37,123,LOGIN,0,Đã đăng nhập vào hệ thống.
15/12/2025 12:58:31,123,LOGIN,0,Đã đăng nhập vào hệ thống.
15/12/2025 13:21:41,123,LOGIN,0,Đã đăng nhập vào hệ thống.
15/12/2025 13:21:47,Admin,BORROW_BOOK,1,Đã xác nhận mượn sách bởi 123 | 1 - Cấu Trúc Dữ Liệu Và Giải Thuật
15/12/2025 13:21:54,Admin,BORROW_BOOK,1,Đã xác nhận mượn sách bởi 123 | 1 - Cấu Trúc Dữ Liệu Và Giải Thuật
15/12/2025 13:22:48,123,LOGIN,0,Đã đăng nhập vào hệ thống.
15/12/2025 13:33:15,123,LOGIN,0,Đã đăng nhập vào hệ thống.
15/12/2025 13:33:24,Admin,BORROW_BOOK,1,Đã xác nhận mượn sách bởi 123 | 1 - Cấu Trúc Dữ Liệu Và Giải Thuật
15/12/2025 13:55:37,123,LOGIN,0,Đã đăng nhập vào hệ thống.
15/12/2025 13:56:44,123,LOGIN,0,Đã đăng nhập vào hệ thống.
15/12/2025 14:08:03,123,LOGIN,0,Đã đăng nhập vào hệ thống.
15/12/2025 14:09:42,123,LOGIN,0,Đã đăng nhập vào hệ thống.
15/12/2025 14:10:27,123,LOGIN,0,Đã đăng nhập vào hệ thống.
15/12/2025 14:11:59,123,LOGIN,0,Đã đăng nhập vào hệ thống.
15/12/2025 14:13:09,123,LOGIN,0,Đã đăng nhập vào hệ thống.
15/12/2025 14:13:28,123,LOGIN,0,Đã đăng nhập vào hệ thống.
15/12/2025 14:14:19,123,LOGIN,0,Đã đăng nhập vào hệ thống.
15/12/2025 14:14:57,123,LOGIN,0,Đã đăng nhập vào hệ thống.
15/12/2025 14:42:05,Admin,LOGIN,0,Đã đăng nhập vào hệ thống.
15/12/2025 15:12:30,123,LOGIN,0,Đã đăng nhập vào hệ thống.
15/12/2025 15:19:59,123,LOGIN,0,Đã đăng nhập vào hệ thống.
15/12/2025 15:20:48,123,REMOVE_BOOK_COPY,275,Đã xóa bản sao 202501100002 - Hệ Thống Tiêu Chuẩn Xây Dựng Việt Nam Năm 2006
15/12/2025 15:23:44,123,VIEW_BOOK,202501100002,
15/12/2025 15:23:46,123,RESERVE_BOOK,202501100002,Đặt sách thành công
15/12/2025 15:23:50,123,VIEW_BOOK,202501100002,
15/12/2025 15:29:38,123,LOGIN,0,Đã đăng nhập vào hệ thống.
15/12/2025 15:34:50,123,CONFIRM_BOOK,4,Đã xử lý đặt sách ID: 4
15/12/2025 15:34:57,123,BORROW_BOOK,4,Đã xác nhận mượn sách bởi 123 | 4 - Hệ Thống Tiêu Chuẩn Xây Dựng Việt Nam Năm 2006
15/12/2025 16:05:38,123,REGISTER,0,Đã đăng xuất khỏi hệ thống.
15/12/2025 16:06:16,123,LOGIN,0,Đã đăng nhập vào hệ thống.
15/12/2025 16:06:32,123,REGISTER,0,Đã đăng xuất khỏi hệ thống.
15/12/2025 16:06:41,thanhtrung,LOGIN,0,Đã đăng nhập vào hệ thống.
15/12/2025 20:05:15,123,LOGIN,0,Đã đăng nhập vào hệ thống.
15/12/2025 20:05:24,123,VIEW_BOOK,202501100001,
15/12/2025 20:06:34,123,LOGIN,0,Đã đăng nhập vào hệ thống.
15/12/2025 20:07:08,123,REGISTER,0,Đã đăng xuất khỏi hệ thống.
15/12/2025 20:07:22,123,LOGIN,0,Đã đăng nhập vào hệ thống.
15/12/2025 20:08:26,123,LOGIN,0,Đã đăng nhập vào hệ thống.
15/12/2025 20:09:40,123,ADD_BOOK,202502600001,Đã thêm sách 202502600001 - Kinh Nghiệm Dạy Con
15/12/2025 20:10:19,123,ADD_BOOK,202502600002,Đã thêm sách 202502600002 - Dạy Con Từ Thuở Còn Thơ
15/12/2025 20:10:42,123,ADD_BOOK,202502600002,Đã thêm sách 202502600002 - Nuôi Con
15/12/2025 20:10:50,123,ADD_BOOK,202502600002,Đã thêm sách 202502600002 - The Process Of Parenting
15/12/2025 20:11:01,123,ADD_BOOK,202502600003,Đã thêm sách 202502600003 - Phương Pháp Giáo Dục Trẻ Con
15/12/2025 20:11:15,123,ADD_BOOK,202502600004,Đã thêm sách 202502600004 - Làm Giàu Muôn Đời
15/12/2025 20:11:30,123,ADD_BOOK,202501600001,Đã thêm sách 202501600001 - Phương Pháp Làm Mẹ Tốt( Tập 1)
15/12/2025 20:13:41,thanhtrung,LOGIN,0,Đã đăng nhập vào hệ thống.
15/12/2025 20:13:42,thanhtrung,VIEW_BOOK,202501100001,
15/12/2025 20:13:43,thanhtrung,RESERVE_BOOK,202501100001,Đặt sách thành công
15/12/2025 20:14:31,123,LOGIN,0,Đã đăng nhập vào hệ thống.
15/12/2025 20:14:37,123,RESERVE_BOOK,202501200007,Đặt sách thành công
15/12/2025 20:14:42,123,VIEW_BOOK,202501200001,
15/12/2025 20:14:47,123,VIEW_BOOK,202501200002,
15/12/2025 20:14:47,123,RESERVE_BOOK,202501200002,Đặt sách thành công
15/12/2025 20:14:50,123,VIEW_BOOK,202501200003,
15/12/2025 20:14:50,123,RESERVE_BOOK,202501200003,Đặt sách thành công
15/12/2025 20:14:52,123,VIEW_BOOK,202501200004,
15/12/2025 20:14:54,123,RESERVE_BOOK,202501200004,Đặt sách thành công
15/12/2025 20:14:57,123,VIEW_BOOK,202501100001,
15/12/2025 20:14:58,123,RESERVE_BOOK,202501100001,Đặt sách thành công
15/12/2025 20:15:19,Admin,LOGIN,0,Đã đăng nhập vào hệ thống.
15/12/2025 20:15:45,Admin,CONFIRM_BOOK,5,Đã xử lý đặt sách ID: 5
15/12/2025 20:15:50,Admin,CONFIRM_BOOK,10,Đã xử lý đặt sách ID: 10
15/12/2025 20:16:02,Admin,CONFIRM_BOOK,9,Đã xử lý đặt sách ID: 9
15/12/2025 20:16:07,Nguyễn Thành Trung,BORROW_BOOK,5,Đã xác nhận mượn sách bởi Admin | 5 - Hệ Thống Tiêu Chuẩn Xây Dựng Việt Nam Năm 2006
15/12/2025 20:24:40,Admin,REGISTER,0,Đã đăng xuất khỏi hệ thống.
15/12/2025 20:26:09,thanhtrung,LOGIN,0,Đã đăng nhập vào hệ thống.
15/12/2025 20:26:11,thanhtrung,VIEW_BOOK,202501200001,
15/12/2025 20:27:12,thanhtrung,ADJ_USER,4,Cập nhật thông tin cá nhân
15/12/2025 20:27:37,thanhtrung,ADJ_USER,4,Cập nhật thông tin cá nhân
15/12/2025 21:03:49,thanhtrung,REGISTER,0,Đã đăng xuất khỏi hệ thống.
15/12/2025 21:03:57,Admin,LOGIN,0,Đã đăng nhập vào hệ thống.
16/12/2025 08:04:05,123,LOGIN,0,Đã đăng nhập vào hệ thống.
16/12/2025 08:07:09,123,LOGIN,0,Đã đăng nhập vào hệ thống.
16/12/2025 08:07:27,123,VIEW_BOOK,202501100001,Xem thông tin sáchHệ Thống Tiêu Chuẩn Xây Dựng Việt Nam Năm 2006
16/12/2025 08:07:29,123,READ_ONLINE,202501100001,
16/12/2025 08:07:31,123,DOWNLOAD_BOOK,202501100001,
16/12/2025 08:11:06,123,LOGIN,0,Đã đăng nhập vào hệ thống.
16/12/2025 08:11:10,123,VIEW_BOOK,202501100001,Xem thông tin sáchHệ Thống Tiêu Chuẩn Xây Dựng Việt Nam Năm 2006
16/12/2025 08:11:27,123,READ_ONLINE,202501100001,Đọc online sách Hệ Thống Tiêu Chuẩn Xây Dựng Việt Nam Năm 2006
16/12/2025 08:11:29,123,READ_ONLINE,202501100001,Đọc online sách Hệ Thống Tiêu Chuẩn Xây Dựng Việt Nam Năm 2006
16/12/2025 08:11:30,123,READ_ONLINE,202501100001,Đọc online sách Hệ Thống Tiêu Chuẩn Xây Dựng Việt Nam Năm 2006
16/12/2025 08:11:33,123,DOWNLOAD_BOOK,202501100001,Tải sách Hệ Thống Tiêu Chuẩn Xây Dựng Việt Nam Năm 2006
16/12/2025 08:11:52,123,VIEW_BOOK,202501200003,Xem thông tin sáchToán Học Rời Rạc-Ứng Dụng Trong Tin Học
16/12/2025 08:12:47,123,ADJ_USER,5,Cập nhật thông tin cá nhân
16/12/2025 08:13:16,123,CONFIRM_BOOK,8,Đã xử lý đặt sách ID: 8
16/12/2025 08:14:10,123,LOGIN,0,Đã đăng nhập vào hệ thống.
16/12/2025 08:14:20,123,CONFIRM_BOOK,7,Đã xử lý đặt sách ID: 7
16/12/2025 08:17:24,123,LOGIN,0,Đã đăng nhập vào hệ thống.
16/12/2025 08:18:27,123,CONFIRM_BOOK,6,Đã xử lý đặt sách ID: 6
16/12/2025 08:19:28,123,REGISTER,0,Đã đăng xuất khỏi hệ thống.
16/12/2025 08:19:33,Admin,LOGIN,0,Đã đăng nhập vào hệ thống.
16/12/2025 08:19:37,Admin,VIEW_BOOK,202501100001,Xem thông tin sáchHệ Thống Tiêu Chuẩn Xây Dựng Việt Nam Năm 2006
16/12/2025 08:19:41,Admin,RESERVE_BOOK,202501100001,Đặt sách thành công
16/12/2025 08:20:11,Admin,CONFIRM_BOOK,11,Đã xử lý đặt sách ID: 11
16/12/2025 08:26:57,123,LOGIN,0,Đã đăng nhập vào hệ thống.
16/12/2025 08:27:06,123,CONFIRM_BOOK,11,Đã xử lý đặt sách ID: 11
16/12/2025 08:27:18,Admin,BORROW_BOOK,11,Đã xác nhận mượn sách bởi 123 | 11 - Hệ Thống Tiêu Chuẩn Xây Dựng Việt Nam Năm 2006
16/12/2025 08:33:47,123,LOGIN,0,Đã đăng nhập vào hệ thống.
16/12/2025 08:37:48,123,LOGIN,0,Đã đăng nhập vào hệ thống.
16/12/2025 08:38:22,123,LOGIN,0,Đã đăng nhập vào hệ thống.
16/12/2025 08:39:24,123,LOGIN,0,Đã đăng nhập vào hệ thống.
16/12/2025 08:40:33,123,LOGIN,0,Đã đăng nhập vào hệ thống.
16/12/2025 08:41:06,123,EXTEND_BORROW,4,Đã gia hạn mượn sách thêm 7 ngày
16/12/2025 08:41:10,123,EXTEND_BORROW,4,Đã gia hạn mượn sách thêm 7 ngày
16/12/2025 08:41:12,123,EXTEND_BORROW,4,Đã gia hạn mượn sách thêm 7 ngày
16/12/2025 08:50:18,thanhtrung,LOGIN,0,Đã đăng nhập vào hệ thống.
16/12/2025 08:50:19,thanhtrung,VIEW_BOOK,202501100001,Xem thông tin sáchHệ Thống Tiêu Chuẩn Xây Dựng Việt Nam Năm 2006
16/12/2025 08:50:20,thanhtrung,VIEW_BOOK,202501200001,Xem thông tin sáchCấu Trúc Dữ Liệu Và Giải Thuật
16/12/2025 08:50:30,thanhtrung,VIEW_BOOK,202501200002,Xem thông tin sáchC# Cho Người Mới Học
16/12/2025 08:50:31,thanhtrung,RESERVE_BOOK,202501200002,Đặt sách thành công
16/12/2025 08:50:34,thanhtrung,VIEW_BOOK,202501200001,Xem thông tin sáchCấu Trúc Dữ Liệu Và Giải Thuật
16/12/2025 08:50:46,thanhtrung,VIEW_BOOK,202501200001,Xem thông tin sáchCấu Trúc Dữ Liệu Và Giải Thuật
16/12/2025 08:50:48,thanhtrung,VIEW_BOOK,202501200003,Xem thông tin sáchToán Học Rời Rạc-Ứng Dụng Trong Tin Học
16/12/2025 08:50:49,thanhtrung,RESERVE_BOOK,202501200003,Đặt sách thành công
16/12/2025 08:50:51,thanhtrung,VIEW_BOOK,202501200004,Xem thông tin sáchDigital  Arithmetic
16/12/2025 08:51:01,thanhtrung,REGISTER,0,Đã đăng xuất khỏi hệ thống.
16/12/2025 08:51:16,123,LOGIN,0,Đã đăng nhập vào hệ thống.
16/12/2025 09:02:29,123,LOGIN,0,Đã đăng nhập vào hệ thống.
16/12/2025 09:02:29,123,VIEW_BOOK,202501100001,Xem thông tin sáchHệ Thống Tiêu Chuẩn Xây Dựng Việt Nam Năm 2006
16/12/2025 09:02:31,123,VIEW_BOOK,202501100001,Xem thông tin sáchHệ Thống Tiêu Chuẩn Xây Dựng Việt Nam Năm 2006
16/12/2025 09:02:32,123,VIEW_BOOK,202501100001,Xem thông tin sáchHệ Thống Tiêu Chuẩn Xây Dựng Việt Nam Năm 2006
16/12/2025 09:02:32,123,VIEW_BOOK,202501200001,Xem thông tin sáchCấu Trúc Dữ Liệu Và Giải Thuật
16/12/2025 09:02:38,123,VIEW_BOOK,202501100001,Xem thông tin sáchHệ Thống Tiêu Chuẩn Xây Dựng Việt Nam Năm 2006
16/12/2025 09:02:43,123,VIEW_BOOK,202501200002,Xem thông tin sáchC# Cho Người Mới Học
16/12/2025 09:02:51,123,REGISTER,0,Đã đăng xuất khỏi hệ thống.
16/12/2025 09:03:03,123,LOGIN,0,Đã đăng nhập vào hệ thống.
16/12/2025 09:03:06,123,VIEW_BOOK,202501100001,Xem thông tin sáchHệ Thống Tiêu Chuẩn Xây Dựng Việt Nam Năm 2006
16/12/2025 09:03:08,123,VIEW_BOOK,202501200001,Xem thông tin sáchCấu Trúc Dữ Liệu Và Giải Thuật
16/12/2025 09:03:10,123,VIEW_BOOK,202501200002,Xem thông tin sáchC# Cho Người Mới Học
16/12/2025 09:03:11,123,VIEW_BOOK,202501200003,Xem thông tin sáchToán Học Rời Rạc-Ứng Dụng Trong Tin Học
16/12/2025 09:03:13,123,VIEW_BOOK,202501200003,Xem thông tin sáchToán Học Rời Rạc-Ứng Dụng Trong Tin Học
16/12/2025 09:03:14,123,VIEW_BOOK,202501200001,Xem thông tin sáchCấu Trúc Dữ Liệu Và Giải Thuật
16/12/2025 09:03:15,123,VIEW_BOOK,202501100001,Xem thông tin sáchHệ Thống Tiêu Chuẩn Xây Dựng Việt Nam Năm 2006
16/12/2025 09:08:02,hoainhi,LOGIN,0,Đã đăng nhập vào hệ thống.
16/12/2025 09:08:07,hoainhi,VIEW_BOOK,202501200001,Xem thông tin sáchCấu Trúc Dữ Liệu Và Giải Thuật
16/12/2025 09:08:13,hoainhi,VIEW_BOOK,202501200003,Xem thông tin sáchToán Học Rời Rạc-Ứng Dụng Trong Tin Học
16/12/2025 09:08:14,hoainhi,RESERVE_BOOK,202501200003,Đặt sách thành công
16/12/2025 09:08:16,hoainhi,VIEW_BOOK,202501200006,Xem thông tin sáchToán Rời Rạc-Cơ Sở Toán Cho Máy Tính
16/12/2025 09:08:17,hoainhi,RESERVE_BOOK,202501200006,Đặt sách thành công
16/12/2025 09:08:20,hoainhi,VIEW_BOOK,202501200006,Xem thông tin sáchToán Rời Rạc-Cơ Sở Toán Cho Máy Tính
16/12/2025 09:08:36,hoainhi,VIEW_BOOK,202501200001,Xem thông tin sáchCấu Trúc Dữ Liệu Và Giải Thuật
16/12/2025 09:08:38,hoainhi,VIEW_BOOK,202501200003,Xem thông tin sáchToán Học Rời Rạc-Ứng Dụng Trong Tin Học
16/12/2025 09:08:40,hoainhi,VIEW_BOOK,202501200003,Xem thông tin sáchToán Học Rời Rạc-Ứng Dụng Trong Tin Học
16/12/2025 09:08:42,hoainhi,VIEW_BOOK,202501100001,Xem thông tin sáchHệ Thống Tiêu Chuẩn Xây Dựng Việt Nam Năm 2006
16/12/2025 09:08:44,hoainhi,VIEW_BOOK,202501200001,Xem thông tin sáchCấu Trúc Dữ Liệu Và Giải Thuật
16/12/2025 09:08:46,hoainhi,VIEW_BOOK,202501200004,Xem thông tin sáchDigital  Arithmetic
16/12/2025 09:12:48,thanhtrung,LOGIN,0,Đã đăng nhập vào hệ thống.
16/12/2025 09:13:26,123,LOGIN,0,Đã đăng nhập vào hệ thống.
16/12/2025 09:13:45,123,REGISTER,0,Đã đăng xuất khỏi hệ thống.
16/12/2025 09:13:51,thanhtrung,LOGIN,0,Đã đăng nhập vào hệ thống.
16/12/2025 09:13:58,thanhtrung,VIEW_BOOK,202501100001,Xem thông tin sáchHệ Thống Tiêu Chuẩn Xây Dựng Việt Nam Năm 2006
16/12/2025 09:14:00,thanhtrung,VIEW_BOOK,202501200001,Xem thông tin sáchCấu Trúc Dữ Liệu Và Giải Thuật
16/12/2025 09:14:02,thanhtrung,VIEW_BOOK,202501200002,Xem thông tin sáchC# Cho Người Mới Học
16/12/2025 09:14:03,thanhtrung,VIEW_BOOK,202501200003,Xem thông tin sáchToán Học Rời Rạc-Ứng Dụng Trong Tin Học
16/12/2025 09:14:05,thanhtrung,VIEW_BOOK,202501200001,Xem thông tin sáchCấu Trúc Dữ Liệu Và Giải Thuật
16/12/2025 09:14:07,thanhtrung,VIEW_BOOK,202501200006,Xem thông tin sáchToán Rời Rạc-Cơ Sở Toán Cho Máy Tính
16/12/2025 09:14:10,thanhtrung,VIEW_BOOK,202501200007,Xem thông tin sáchMạng Máy Tính
16/12/2025 09:14:32,thanhtrung,LOGIN,0,Đã đăng nhập vào hệ thống.
16/12/2025 09:14:56,thanhtrung,VIEW_BOOK,202501100001,Xem thông tin sáchHệ Thống Tiêu Chuẩn Xây Dựng Việt Nam Năm 2006
16/12/2025 09:14:58,thanhtrung,VIEW_BOOK,202501200001,Xem thông tin sáchCấu Trúc Dữ Liệu Và Giải Thuật
16/12/2025 09:15:01,thanhtrung,VIEW_BOOK,202501200003,Xem thông tin sáchToán Học Rời Rạc-Ứng Dụng Trong Tin Học
16/12/2025 09:15:03,thanhtrung,VIEW_BOOK,202501100001,Xem thông tin sáchHệ Thống Tiêu Chuẩn Xây Dựng Việt Nam Năm 2006
16/12/2025 09:15:05,thanhtrung,VIEW_BOOK,202501200002,Xem thông tin sáchC# Cho Người Mới Học
16/12/2025 09:15:07,thanhtrung,VIEW_BOOK,202501200004,Xem thông tin sáchDigital  Arithmetic
16/12/2025 09:15:09,thanhtrung,VIEW_BOOK,202501200005,Xem thông tin sáchGiáo Trình Lý Thuyết Và Bài Tập JAVA
16/12/2025 09:15:12,thanhtrung,VIEW_BOOK,202501600001,Xem thông tin sáchPhương Pháp Làm Mẹ Tốt( Tập 1)
16/12/2025 09:15:18,thanhtrung,VIEW_BOOK,202501200006,Xem thông tin sáchToán Rời Rạc-Cơ Sở Toán Cho Máy Tính
16/12/2025 09:20:23,123,LOGIN,0,Đã đăng nhập vào hệ thống.
16/12/2025 09:20:29,123,REGISTER,0,Đã đăng xuất khỏi hệ thống.
16/12/2025 09:20:34,thanhtrung,LOGIN,0,Đã đăng nhập vào hệ thống.
16/12/2025 09:23:40,thanhtrung,LOGIN,0,Đã đăng nhập vào hệ thống.
16/12/2025 09:28:56,thanhtrung,LOGIN,0,Đã đăng nhập vào hệ thống.
16/12/2025 09:30:48,thanhtrung,REGISTER,0,Đã đăng xuất khỏi hệ thống.
16/12/2025 09:30:57,Admin,LOGIN,0,Đã đăng nhập vào hệ thống.
16/12/2025 09:34:21,thanhtrung,LOGIN,0,Đã đăng nhập vào hệ thống.
16/12/2025 09:35:31,thanhtrung,REGISTER,0,Đã đăng xuất khỏi hệ thống.
16/12/2025 09:35:36,Admin,LOGIN,0,Đã đăng nhập vào hệ thống.
17/12/2025 16:03:51,123,LOGIN,0,Đã đăng nhập vào hệ thống.
17/12/2025 16:06:25,123,CONFIRM_BOOK,1,Đã xử lý đặt sách ID: 1
17/12/2025 16:26:13,123,LOGIN,0,Đã đăng nhập vào hệ thống.
17/12/2025 16:26:47,123,LOGIN,0,Đã đăng nhập vào hệ thống.
17/12/2025 16:32:44,123,LOGIN,0,Đã đăng nhập vào hệ thống.
17/12/2025 16:35:13,123,REGISTER,0,Đã đăng xuất khỏi hệ thống.
17/12/2025 16:35:19,Admin,LOGIN,0,Đã đăng nhập vào hệ thống.
17/12/2025 16:37:09,Admin,REMOVE_BOOK_COPY,247,Đã xóa bản sao 202501100001 - Hệ Thống Tiêu Chuẩn Xây Dựng Việt Nam Năm 2006
17/12/2025 16:59:18,123,LOGIN,0,Đã đăng nhập vào hệ thống.
17/12/2025 16:59:57,123,EXTEND_BORROW,1,Gia hạn mượn sách ID: 1
17/12/2025 16:59:59,123,EXTEND_BORROW,1,Gia hạn mượn sách ID: 1
17/12/2025 17:00:02,123,EXTEND_BORROW,1,Gia hạn mượn sách ID: 1
17/12/2025 17:03:53,123,LOGIN,0,Đã đăng nhập vào hệ thống.
17/12/2025 19:50:17,123,LOGIN,0,Đã đăng nhập vào hệ thống.
17/12/2025 19:51:14,123,REGISTER,0,Đã đăng xuất khỏi hệ thống.
17/12/2025 19:53:17,123,LOGIN,0,Đã đăng nhập vào hệ thống.
17/12/2025 19:53:53,123,REGISTER,0,Đã đăng xuất khỏi hệ thống.
17/12/2025 19:55:36,123,LOGIN,0,Đã đăng nhập vào hệ thống.
17/12/2025 19:56:39,123,LOGIN,0,Đã đăng nhập vào hệ thống.
17/12/2025 20:05:33,123,LOGIN,0,Đã đăng nhập vào hệ thống.
17/12/2025 20:05:43,123,REGISTER,0,Đã đăng xuất khỏi hệ thống.
17/12/2025 20:05:46,123,LOGIN,0,Đã đăng nhập vào hệ thống.
17/12/2025 20:05:59,123,REGISTER,0,Đã đăng xuất khỏi hệ thống.
17/12/2025 20:06:12,123,LOGIN,0,Đã đăng nhập vào hệ thống.
17/12/2025 20:06:15,123,REGISTER,0,Đã đăng xuất khỏi hệ thống.
17/12/2025 20:06:20,thanhtrung,LOGIN,0,Đã đăng nhập vào hệ thống.
17/12/2025 20:06:30,thanhtrung,REGISTER,0,Đã đăng xuất khỏi hệ thống.
17/12/2025 20:06:36,Admin,LOGIN,0,Đã đăng nhập vào hệ thống.
17/12/2025 20:07:08,Admin,REGISTER,0,Đã đăng xuất khỏi hệ thống.
17/12/2025 20:07:20,123,LOGIN,0,Đã đăng nhập vào hệ thống.
17/12/2025 20:07:23,123,VIEW_BOOK,202501200001,Xem thông tin sáchCấu Trúc Dữ Liệu Và Giải Thuật
17/12/2025 20:07:25,123,VIEW_BOOK,202501200002,Xem thông tin sáchC# Cho Người Mới Học
17/12/2025 20:07:27,123,VIEW_BOOK,202501100001,Xem thông tin sáchHệ Thống Tiêu Chuẩn Xây Dựng Việt Nam Năm 2006
17/12/2025 20:07:29,123,VIEW_BOOK,202501200003,Xem thông tin sáchToán Học Rời Rạc-Ứng Dụng Trong Tin Học
17/12/2025 20:07:40,123,VIEW_BOOK,202501200001,Xem thông tin sáchCấu Trúc Dữ Liệu Và Giải Thuật
17/12/2025 20:07:48,123,VIEW_BOOK,202501200002,Xem thông tin sáchC# Cho Người Mới Học
17/12/2025 20:07:49,123,RESERVE_BOOK,202501200002,Đặt sách thành công
17/12/2025 20:07:51,123,VIEW_BOOK,202501200002,Xem thông tin sáchC# Cho Người Mới Học
17/12/2025 20:08:12,123,CONFIRM_BOOK,2,Đã xử lý đặt sách ID: 2
17/12/2025 20:47:16,123,LOGIN,0,Đã đăng nhập vào hệ thống.
17/12/2025 20:47:16,123,VIEW_BOOK,202501100001,Xem thông tin sáchHệ Thống Tiêu Chuẩn Xây Dựng Việt Nam Năm 2006
17/12/2025 20:47:17,123,RESERVE_BOOK,202501100001,Đặt sách thành công
19/12/2025 11:45:50,123,LOGIN,0,Đã đăng nhập vào hệ thống.
19/12/2025 11:46:06,123,REGISTER,0,Đã đăng xuất khỏi hệ thống.
19/12/2025 11:46:11,Admin,LOGIN,0,Đã đăng nhập vào hệ thống.
20/12/2025 14:56:02,thanhtrung,LOGIN,0,Đã đăng nhập vào hệ thống.
20/12/2025 14:56:31,thanhtrung,ADJ_USER,4,Cập nhật thông tin cá nhân
20/12/2025 15:03:20,thanhtrung,LOGIN,0,Đã đăng nhập vào hệ thống.
20/12/2025 15:05:09,123,LOGIN,0,Đã đăng nhập vào hệ thống.
20/12/2025 15:05:18,123,VIEW_BOOK,202501200001,Xem thông tin sáchCấu Trúc Dữ Liệu Và Giải Thuật
20/12/2025 15:05:22,123,VIEW_BOOK,202501100001,Xem thông tin sáchHệ Thống Tiêu Chuẩn Xây Dựng Việt Nam Năm 2006
20/12/2025 15:05:23,123,RESERVE_BOOK,202501100001,Đặt sách thành công
20/12/2025 15:05:35,123,REGISTER,0,Đã đăng xuất khỏi hệ thống.
20/12/2025 15:05:40,thanhtrung,LOGIN,0,Đã đăng nhập vào hệ thống.
20/12/2025 15:05:58,thanhtrung,VIEW_BOOK,202501100001,Xem thông tin sáchHệ Thống Tiêu Chuẩn Xây Dựng Việt Nam Năm 2006
20/12/2025 15:06:00,thanhtrung,RESERVE_BOOK,202501100001,Đặt sách thành công
20/12/2025 15:09:54,thanhtrung,REGISTER,0,Đã đăng xuất khỏi hệ thống.
20/12/2025 15:09:58,123,LOGIN,0,Đã đăng nhập vào hệ thống.
20/12/2025 15:10:40,123,ADJ_USER,5,Cập nhật thông tin cá nhân
20/12/2025 15:30:25,123,REGISTER,0,Đã đăng xuất khỏi hệ thống.
20/12/2025 15:30:31,Admin,LOGIN,0,Đã đăng nhập vào hệ thống.
22/12/2025 14:15:49,123,LOGIN,0,Đã đăng nhập vào hệ thống.
22/12/2025 14:15:52,123,VIEW_BOOK,202501200001,Xem thông tin sáchCấu Trúc Dữ Liệu Và Giải Thuật
22/12/2025 14:17:15,Admin,LOGIN,0,Đã đăng nhập vào hệ thống.
22/12/2025 14:33:36,123,LOGIN,0,Đã đăng nhập vào hệ thống.
22/12/2025 14:34:01,123,CONFIRM_BOOK,3,Đã xử lý đặt sách ID: 3
22/12/2025 14:34:12,123,CONFIRM_BOOK,4,Đã xử lý đặt sách ID: 4
22/12/2025 14:34:32,123,LOGIN,0,Đã đăng nhập vào hệ thống.
22/12/2025 14:43:20,123,LOGIN,0,Đã đăng nhập vào hệ thống.
22/12/2025 14:43:44,123,VIEW_BOOK,202501200001,Xem thông tin sáchCấu Trúc Dữ Liệu Và Giải Thuật
22/12/2025 14:44:33,123,VIEW_BOOK,202501100001,Xem thông tin sáchHệ Thống Tiêu Chuẩn Xây Dựng Việt Nam Năm 2006
22/12/2025 14:44:37,123,VIEW_BOOK,202501100001,Xem thông tin sáchHệ Thống Tiêu Chuẩn Xây Dựng Việt Nam Năm 2006
22/12/2025 14:44:39,123,VIEW_BOOK,202501200002,Xem thông tin sáchC# Cho Người Mới Học
22/12/2025 14:44:40,123,RESERVE_BOOK,202501200002,Đặt sách thành công
22/12/2025 14:44:53,123,CONFIRM_BOOK,5,Đã xử lý đặt sách ID: 5
22/12/2025 14:53:40,123,LOGIN,0,Đã đăng nhập vào hệ thống.
22/12/2025 14:53:41,123,VIEW_BOOK,202501100001,Xem thông tin sáchHệ Thống Tiêu Chuẩn Xây Dựng Việt Nam Năm 2006
22/12/2025 14:53:44,123,VIEW_BOOK,202501200002,Xem thông tin sáchC# Cho Người Mới Học
22/12/2025 15:23:17,123,LOGIN,0,Đã đăng nhập vào hệ thống.
22/12/2025 16:00:11,Admin,LOGIN,0,Đã đăng nhập vào hệ thống.
22/12/2025 16:00:37,Admin,VIEW_BOOK,202501200002,Xem thông tin sáchC# Cho Người Mới Học
22/12/2025 16:00:38,Admin,RESERVE_BOOK,202501200002,Đặt sách thành công
22/12/2025 16:00:42,Admin,VIEW_BOOK,202501200007,Xem thông tin sáchMạng Máy Tính
22/12/2025 16:00:43,Admin,RESERVE_BOOK,202501200007,Đặt sách thành công
22/12/2025 16:01:02,123,LOGIN,0,Đã đăng nhập vào hệ thống.
22/12/2025 16:08:18,123,LOGIN,0,Đã đăng nhập vào hệ thống.
22/12/2025 16:22:47,Admin,LOGIN,0,Đã đăng nhập vào hệ thống.
23/12/2025 21:40:40,Admin,LOGIN,0,Đã đăng nhập vào hệ thống.
23/12/2025 21:40:49,Admin,REGISTER,0,Đã đăng xuất khỏi hệ thống.
23/12/2025 21:41:07,Admin,LOGIN,0,Đã đăng nhập vào hệ thống.
23/12/2025 21:41:25,Admin,VIEW_BOOK,202501200001,Xem thông tin sáchCấu Trúc Dữ Liệu Và Giải Thuật
23/12/2025 21:41:27,Admin,VIEW_BOOK,202501200002,Xem thông tin sáchC# Cho Người Mới Học
23/12/2025 21:41:30,Admin,VIEW_BOOK,202501200003,Xem thông tin sáchToán Học Rời Rạc-Ứng Dụng Trong Tin Học
23/12/2025 21:41:32,Admin,VIEW_BOOK,202501200004,Xem thông tin sáchDigital  Arithmetic
23/12/2025 21:51:43,Admin,REGISTER,0,Đã đăng xuất khỏi hệ thống.
23/12/2025 21:54:51,Admin,LOGIN,0,Đã đăng nhập vào hệ thống.
23/12/2025 22:06:45,Admin,LOGIN,0,Đã đăng nhập vào hệ thống.
23/12/2025 22:19:41,Admin,LOGIN,0,Đã đăng nhập vào hệ thống.
23/12/2025 23:10:44,Admin,LOGIN,0,Đã đăng nhập vào hệ thống.
23/12/2025 23:26:50,123,LOGIN,0,Đã đăng nhập vào hệ thống.
23/12/2025 23:30:29,123,LOGIN,0,Đã đăng nhập vào hệ thống.
23/12/2025 23:31:26,123,LOGIN,0,Đã đăng nhập vào hệ thống.
23/12/2025 23:41:21,123,LOGIN,0,Đã đăng nhập vào hệ thống.
23/12/2025 23:41:35,123,CONFIRM_BOOK,6,Đã xử lý đặt sách ID: 6
23/12/2025 23:41:36,Admin,BORROW_BOOK,6,Mượn sách ID: 202501200002, Bản sao ID: 9
24/12/2025 07:15:31,Admin,LOGIN,0,Đã đăng nhập vào hệ thống.
24/12/2025 07:18:15,Admin,LOGIN,0,Đã đăng nhập vào hệ thống.
24/12/2025 07:18:37,Admin,REGISTER,0,Đã đăng xuất khỏi hệ thống.
24/12/2025 07:18:55,Admin,LOGIN,0,Đã đăng nhập vào hệ thống.
24/12/2025 07:19:38,Admin,REGISTER,0,Đã đăng xuất khỏi hệ thống.
24/12/2025 07:19:46,123,LOGIN,0,Đã đăng nhập vào hệ thống.
24/12/2025 07:19:48,123,VIEW_BOOK,202501200002,Xem thông tin sáchC# Cho Người Mới Học
24/12/2025 07:20:07,hoainhi,LOGIN,0,Đã đăng nhập vào hệ thống.
24/12/2025 07:20:14,hoainhi,VIEW_BOOK,202501200002,Xem thông tin sáchC# Cho Người Mới Học
24/12/2025 07:20:16,hoainhi,RESERVE_BOOK,8,Đặt sách ID: 202501200002, Bản sao ID: 8
24/12/2025 07:20:16,hoainhi,RESERVE_BOOK,202501200002,Đặt sách thành công
24/12/2025 07:20:19,hoainhi,VIEW_BOOK,202501200003,Xem thông tin sáchToán Học Rời Rạc-Ứng Dụng Trong Tin Học
24/12/2025 07:20:21,hoainhi,RESERVE_BOOK,9,Đặt sách ID: 202501200003, Bản sao ID: 21
24/12/2025 07:20:21,hoainhi,RESERVE_BOOK,202501200003,Đặt sách thành công
24/12/2025 07:20:30,hoainhi,REGISTER,0,Đã đăng xuất khỏi hệ thống.
24/12/2025 07:20:37,Admin,LOGIN,0,Đã đăng nhập vào hệ thống.
24/12/2025 07:31:58,Admin,LOGIN,0,Đã đăng nhập vào hệ thống.
24/12/2025 07:32:01,Admin,READ_ONLINE,202506200001,Đọc online sách Hệ Thống Chọn Lọc Tiêu Chuẩn Xây Dựng Việt Nam
24/12/2025 07:32:05,Admin,VIEW_BOOK,202501200001,Xem thông tin sáchCấu Trúc Dữ Liệu Và Giải Thuật
24/12/2025 07:32:07,Admin,READ_ONLINE,202501200001,Đọc online sách Cấu Trúc Dữ Liệu Và Giải Thuật
24/12/2025 07:32:08,Admin,READ_ONLINE,202501200001,Đọc online sách Cấu Trúc Dữ Liệu Và Giải Thuật
24/12/2025 07:32:14,Admin,DOWNLOAD_BOOK,202501200001,Tải sách Cấu Trúc Dữ Liệu Và Giải Thuật
24/12/2025 07:33:11,Admin,REGISTER,0,Đã đăng xuất khỏi hệ thống.
24/12/2025 07:33:24,hoainhi,LOGIN,0,Đã đăng nhập vào hệ thống.
24/12/2025 07:33:38,hoainhi,REGISTER,0,Đã đăng xuất khỏi hệ thống.
24/12/2025 07:33:46,123,LOGIN,0,Đã đăng nhập vào hệ thống.
